{"status": 0, "data": [{"Function": "unknown", "IPC": 7.266269011138124, "Retiring": 2.422089670379375, "Module": "/usr/lib64/libgraph.so", "Cycles": 35374, "Instructions": 257037}]}
