{"status": 0, "info": "", "data": {"minTime": 0, "maxTime": 1.8814815910000107, "statusData": {"Core 1": [[0.0, 0], [0.020011249000162934, 0], [0.04002598700026283, 0], [0.06005051700003605, 0], [0.08006973400006245, 0], [0.10008410700038439, 0], [0.12009910599999785, 0], [0.1401192580001407, 0], [0.1601409650002097, 0], [0.1801608020000458, 0], [0.200198372000159, 0], [0.2202086320003218, 0], [0.2402262350001365, 0], [0.26024050400019405, 0], [0.28025487700006124, 0], [0.3002686250001716, 0], [0.32028289400022913, 0], [0.34029768400023386, 0], [0.36031117300035476, 0], [0.3803254420004123, 0], [0.4003641970002718, 0], [0.42037711200009653, 0], [0.440393413000038, 0], [0.460407891000159, 0], [0.48042236900028, 0], [0.5004364820001683, 0], [0.5204502310002681, 0], [0.5404650210002728, 0], [0.5604794470000343, 0], [0.5804935590003879, 0], [0.600506943000255, 0], [0.6205494600003476, 0], [0.6405657090003842, 0], [0.6605813840001247, 0], [0.6805959140001505, 0], [0.7006105469999966, 0], [0.7206246080004348, 0], [0.7406402320002599, 0], [0.7606534070000635, 0], [0.7806675190004171, 0], [0.8006819440001891, 0], [0.8206962130002466, 0], [0.8407102220003253, 0], [0.8607259490004253, 0], [0.8807488050001666, 0], [0.9007757819999824, 0], [0.920796196000083, 0], [0.9408105690004049, 0], [0.9608260890004203, 0], [0.9808395760001076, 0], [1.0008536370000911, 0], [1.0208683240002756, 0], [1.040884258999995, 0], [1.0608997790000103, 0], [1.080913580000015, 0], [1.1009271200000512, 0], [1.1209423790000983, 0], [1.140956180000103, 0], [1.1609698760003084, 0], [1.1809846650003237, 0], [1.200999559000138, 0], [1.221014505000312, 0], [1.2410285140003907, 0], [1.261042314000406, 0], [1.2810575210000934, 0], [1.3010710610001297, 0], [1.321085382000092, 0], [1.341099912000118, 0], [1.3611144940000486, 0], [1.381128555000032, 0], [1.4011426690003645, 0], [1.4211574580003798, 0], [1.441171363000194, 0], [1.4611866220002412, 0], [1.481199537000066, 0], [1.5012135450001551, 0], [1.5212278660001175, 0], [1.5412421360001645, 0], [1.5612557280001056, 0], [1.5812695280001208, 0], [1.6012845790000938, 0], [1.6212984840003628, 0], [1.6413122330000078, 0], [1.6613266060003298, 0], [1.6813407200002075, 0], [1.7013550930000747, 0], [1.7213684770003965, 0], [1.7413830590003272, 0], [1.761397381000279, 0], [1.7814118590004, 0], [1.8014262320002672, 0], [1.8214392520003457, 0], [1.841453938000086, 0], [1.861468311000408, 0], [1.8814815910000107, 0]], "Core 0": [[0.0, 0], [0.020011249000162934, 0], [0.04002598700026283, 0], [0.06005051700003605, 0], [0.08006973400006245, 0], [0.10008410700038439, 0], [0.12009910599999785, 0], [0.1401192580001407, 0], [0.1601409650002097, 0], [0.1801608020000458, 0], [0.200198372000159, 0], [0.2202086320003218, 0], [0.2402262350001365, 0], [0.26024050400019405, 0], [0.28025487700006124, 0], [0.3002686250001716, 0], [0.32028289400022913, 0], [0.34029768400023386, 0], [0.36031117300035476, 0], [0.3803254420004123, 0], [0.4003641970002718, 0], [0.42037711200009653, 0], [0.440393413000038, 0], [0.460407891000159, 0], [0.48042236900028, 0], [0.5004364820001683, 0], [0.5204502310002681, 0], [0.5404650210002728, 0], [0.5604794470000343, 0], [0.5804935590003879, 0], [0.600506943000255, 0], [0.6205494600003476, 0], [0.6405657090003842, 0], [0.6605813840001247, 0], [0.6805959140001505, 0], [0.7006105469999966, 0], [0.7206246080004348, 0], [0.7406402320002599, 0], [0.7606534070000635, 0], [0.7806675190004171, 0], [0.8006819440001891, 0], [0.8206962130002466, 0], [0.8407102220003253, 0], [0.8607259490004253, 0], [0.8807488050001666, 0], [0.9007757819999824, 0], [0.920796196000083, 0], [0.9408105690004049, 0], [0.9608260890004203, 0], [0.9808395760001076, 0], [1.0008536370000911, 0], [1.0208683240002756, 0], [1.040884258999995, 0], [1.0608997790000103, 0], [1.080913580000015, 0], [1.1009271200000512, 0], [1.1209423790000983, 0], [1.140956180000103, 0], [1.1609698760003084, 0], [1.1809846650003237, 0], [1.200999559000138, 0], [1.221014505000312, 0], [1.2410285140003907, 0], [1.261042314000406, 0], [1.2810575210000934, 0], [1.3010710610001297, 0], [1.321085382000092, 0], [1.341099912000118, 0], [1.3611144940000486, 0], [1.381128555000032, 0], [1.4011426690003645, 0], [1.4211574580003798, 0], [1.441171363000194, 0], [1.4611866220002412, 0], [1.481199537000066, 0], [1.5012135450001551, 0], [1.5212278660001175, 0], [1.5412421360001645, 0], [1.5612557280001056, 0], [1.5812695280001208, 0], [1.6012845790000938, 0], [1.6212984840003628, 0], [1.6413122330000078, 0], [1.6613266060003298, 0], [1.6813407200002075, 0], [1.7013550930000747, 0], [1.7213684770003965, 0], [1.7413830590003272, 0], [1.761397381000279, 0], [1.7814118590004, 0], [1.8014262320002672, 0], [1.8214392520003457, 0], [1.841453938000086, 0], [1.861468311000408, 0], [1.8814815910000107, 0]]}}}
