{"status": 0, "info": "", "data": {"minTime": 0, "maxTime": 1.8814852370001063, "usageData": {"0": [[0.0, 0.1], [0.020013644999835378, 0.1], [0.04002937299992482, 0.1], [0.06005223600004683, 0.1], [0.08007254699987243, 0.1], [0.10008775300002526, 0.1], [0.12010202300007222, 0.1], [0.1401210290000563, 0.1], [0.16014408999990337, 0.1], [0.1801639269997395, 0.1], [0.2001971740000954, 0.1], [0.22021170500011067, 0.1], [0.2402293599998302, 0.1], [0.26024388999985604, 0.1], [0.28025826299972323, 0.1], [0.3002720109998336, 0.1], [0.32028659199977483, 0.1], [0.34030106999989584, 0.1], [0.36031487099990045, 0.1], [0.3803288799999791, 0.1], [0.4003651869998066, 0.1], [0.4203799249999065, 0.1], [0.44039659000009124, 0.1], [0.460411276999821, 0.1], [0.4804260149999209, 0.1], [0.5004401279998092, 0.1], [0.5204539289998138, 0.1], [0.5404684069999348, 0.1], [0.560482833000151, 0.1], [0.5804969450000499, 0.1], [0.6005103809998218, 0.1], [0.6205513869999777, 0.1], [0.6405688340000779, 0.1], [0.6605849259999559, 0.1], [0.6805992999998125, 0.1], [0.7006139330001133, 0.1], [0.7206283059999805, 0.1], [0.7406434089998584, 0.1], [0.7606570530001591, 0.1], [0.7806709050000791, 0.1], [0.8006853299998511, 0.1], [0.8206998589998875, 0.1], [0.840713919999871, 0.1], [0.8607277199998862, 0.1], [0.8807498989999658, 0.1], [0.9007775009999932, 0.1], [0.920798644000115, 0.1], [0.9408140069999718, 0.1], [0.960829214000114, 0.1], [0.9808429619997696, 0.1], [1.0008573350000916, 0.1], [1.0208715009998741, 0.1], [1.0408876450001117, 0.1], [1.0609032170000319, 0.1], [1.0809169660001317, 0.1], [1.1009308180000517, 0.1], [1.1209456599999612, 0.1], [1.1409598780001033, 0.1], [1.1609732619999704, 0.1], [1.1809881029998905, 0.1], [1.2010029970001597, 0.1], [1.2210179429998789, 0.1], [1.2410319000000527, 0.1], [1.2610460119999516, 0.1], [1.281060959000115, 0.1], [1.3010747590001301, 0.1], [1.3210888200001136, 0.1], [1.3411036100001184, 0.1], [1.361118192000049, 0.1], [1.3811319930000536, 0.1], [1.4011463150000054, 0.1], [1.4211608959999467, 0.1], [1.441174748999856, 0.1], [1.4611890179999136, 0.1], [1.4812032350000663, 0.1], [1.501216982999722, 0.1], [1.521231304000139, 0.1], [1.541245834000165, 0.1], [1.5612591139997676, 0.1], [1.5812732260001212, 0.1], [1.6012882249997347, 0.1], [1.6213019219999296, 0.1], [1.6413158790001035, 0.1], [1.6613299919999918, 0.1], [1.6813444179997532, 0.1], [1.7013585310000963, 0.1], [1.7213719149999633, 0.1], [1.741386704999968, 0.1], [1.7614008189998458, 0.1], [1.7814152969999668, 0.1], [1.8014288360000137, 0.1], [1.8214429499998914, 0.1], [1.8414576360000865, 0.1], [1.86147169700007, 0.1], [1.8814852370001063, 0.1]]}}}
