{"status": 0, "info": "", "data": {"LLC_Capacity(MB)": [[1602292392.6934366, 0.03570556640625], [1602292392.7937284, 0.0078125], [1602292392.8939605, 0.00860595703125], [1602292392.994191, 0.01837158203125], [1602292393.0944042, 0.01739501953125], [1602292393.1946368, 0.033935546875], [1602292393.294866, 0.02496337890625], [1602292393.3950894, 0.0498046875], [1602292393.495337, 0.03326416015625], [1602292393.5955708, 0.03448486328125], [1602292393.6957753, 0.029541015625], [1602292393.7959666, 0.0306396484375], [1602292393.8961618, 0.027099609375], [1602292393.9963481, 0.02435302734375], [1602292394.0965853, 0.0242919921875], [1602292394.196792, 0.02593994140625], [1602292394.2969782, 0.025146484375], [1602292394.3971753, 0.010986328125], [1602292394.4974215, 0.070068359375]]}}
