{"status": 0, "info": "", "data": {"LLC_Capacity(MB)": [[1602292392.6934366, 0.0230712890625], [1602292392.7937284, 0.05108642578125], [1602292392.8939605, 0.05023193359375], [1602292392.994191, 0.04937744140625], [1602292393.0944042, 0.0504150390625], [1602292393.1946368, 0.033935546875], [1602292393.294866, 0.04302978515625], [1602292393.3950894, 0.022705078125], [1602292393.495337, 0.0394287109375], [1602292393.5955708, 0.03802490234375], [1602292393.6957753, 0.04278564453125], [1602292393.7959666, 0.04205322265625], [1602292393.8961618, 0.04534912109375], [1602292393.9963481, 0.048095703125], [1602292394.0965853, 0.04815673828125], [1602292394.196792, 0.04669189453125], [1602292394.2969782, 0.04742431640625], [1602292394.3971753, 0.0616455078125], [1602292394.4974215, 0.31982421875]]}}
