{"status": 0, "info": "", "data": {"Write(MB/s)": [[1602292392.691577, 490.6463623051337], [1602292392.801577, 120.51890980099685], [1602292392.911577, 5.674050071016159], [1602292393.021577, 77.1140358667068], [1602292393.121577, 0.9893798828089007], [1602292393.231577, 52.41477272742874], [1602292393.341577, 5.61079545453896], [1602292393.451577, 338.5930841615399], [1602292393.561577, 3.8307883522841295], [1602292393.661577, 7.302856445285933], [1602292393.771577, 41.49225408393032], [1602292393.881577, 1.8565784801114873], [1602292393.991577, 3.8879394531204996], [1602292394.101577, 9.231844815330223], [1602292394.201577, 62.765502929744585], [1602292394.311577, 1.2667569247196797]], "Read(MB/s)": [[1602292392.691577, 653.9953613287198], [1602292392.801577, 388.030450993869], [1602292392.911577, 23.197798295427692], [1602292393.021577, 320.5055930407267], [1602292393.121577, 3.4906005859248013], [1602292393.231577, 291.06500799092316], [1602292393.341577, 18.022017045433685], [1602292393.451577, 109.32284268453255], [1602292393.561577, 9.845525568211123], [1602292393.661577, 19.160766601492792], [1602292393.771577, 12.331321022763976], [1602292393.881577, 4.675292968744588], [1602292393.991577, 7.7575683593660205], [1602292394.101577, 9.248490767034749], [1602292394.201577, 10.744018554697272], [1602292394.311577, 2.4070046164844374]]}}
