{"status": 0, "data": [{"IPC": 0.2895296171967165, "Callstack": "ffff00000810e520 vprintk_default+0x38 ([kernel.kallsyms])<-ffff00000810f158 vprintk_func+0x90 ([kernel.kallsyms])<-ffff00000810e9bc printk+0x64 ([kernel.kallsyms])<-ffff0000008d4898 higmac_sample_fun+0x808 ([drv_gmac])<-ffff0000008ec4a4 prof_agent_sample+0x23c ([drv_prof])<-ffff0000080d87c4 kthread+0x12c ([kernel.kallsyms])<-ffff000008085e5c ret_from_fork+0x10 ([kernel.kallsyms])", "Cycles": 812062, "Retiring": 0.0965098723989055, "Instructions": 235116}]}
