{"status": 0, "data": [{"IPC": 0.007750219642290044, "Callstack": "ffff000008713024 default_idle_call+0x1c ([kernel.kallsyms])<-ffff0000080e906c do_idle+0x1ec ([kernel.kallsyms])<-ffff0000080e92e8 cpu_startup_entry+0x20 ([kernel.kallsyms])<-ffff000008094178 secondary_start_kernel+0x188 ([kernel.kallsyms])", "Cycles": 16181993, "Retiring": 0.002583406547430015, "Instructions": 125414}, {"IPC": 0.027206427949558354, "Callstack": "ffff000008713024 default_idle_call+0x1c ([kernel.kallsyms])<-ffff0000080e906c do_idle+0x1ec ([kernel.kallsyms])<-ffff0000080e92ec cpu_startup_entry+0x24 ([kernel.kallsyms])<-ffff000008094178 secondary_start_kernel+0x188 ([kernel.kallsyms])", "Cycles": 12689832, "Retiring": 0.009068809316519452, "Instructions": 345245}]}
