{"status": 0, "data": [{"Function": "unknown", "IPC": 0.26118733920591847, "Retiring": 0.08706244640197282, "Module": "/usr/lib64/libc-2.17.so", "Cycles": 87964214, "Instructions": 22975139}]}
