{"status": 0, "data": [{"Function": "unknown", "IPC": 0.593326784469439, "Retiring": 0.19777559482314633, "Module": "/usr/lib64/ld-2.17.so", "Cycles": 14066562, "Instructions": 8346068}]}
