{"status": 0, "data": [{"IPC": 0.4089676947623233, "Callstack": "ffff000008713024 default_idle_call+0x1c ([kernel.kallsyms])<-ffff0000080e906c do_idle+0x1ec ([kernel.kallsyms])<-ffff0000080e92ec cpu_startup_entry+0x24 ([kernel.kallsyms])<-ffff000008094178 secondary_start_kernel+0x188 ([kernel.kallsyms])", "Cycles": 29599937, "Retiring": 0.13632256492077444, "Instructions": 12105418}, {"IPC": 0.3024113022665937, "Callstack": "ffff000008713024 default_idle_call+0x1c ([kernel.kallsyms])<-ffff0000080e906c do_idle+0x1ec ([kernel.kallsyms])<-ffff0000080e92e8 cpu_startup_entry+0x20 ([kernel.kallsyms])<-ffff000008094178 secondary_start_kernel+0x188 ([kernel.kallsyms])", "Cycles": 23578421, "Retiring": 0.10080376742219789, "Instructions": 7130381}, {"IPC": 0.016107869282330753, "Callstack": "ffff000008713024 default_idle_call+0x1c ([kernel.kallsyms])<-ffff0000080e906c do_idle+0x1ec ([kernel.kallsyms])<-ffff0000080e92e8 cpu_startup_entry+0x20 ([kernel.kallsyms])<-ffff00000870bf6c rest_init+0xac ([kernel.kallsyms])<-ffff000008950ed8 start_kernel+0x474 ([kernel.kallsyms])", "Cycles": 22095039, "Retiring": 0.005369289760776917, "Instructions": 355904}, {"IPC": 0.09848380368399436, "Callstack": "ffff000008713024 default_idle_call+0x1c ([kernel.kallsyms])<-ffff0000080e906c do_idle+0x1ec ([kernel.kallsyms])<-ffff0000080e92ec cpu_startup_entry+0x24 ([kernel.kallsyms])<-ffff00000870bf6c rest_init+0xac ([kernel.kallsyms])<-ffff000008950ed8 start_kernel+0x474 ([kernel.kallsyms])", "Cycles": 9244911, "Retiring": 0.03282793456133146, "Instructions": 910474}]}
