{"status": 0, "data": [{"Function": "unknown", "IPC": 0.7570060442843553, "Retiring": 0.2523353480947851, "Module": "/usr/lib64/libstdc++.so.6.0.24", "Cycles": 42973822, "Instructions": 32531443}]}
