{"status": 0, "data": [{"Function": "unknown", "IPC": 0.7993107619446882, "Retiring": 0.26643692064822944, "Module": "/var/IDE-daemon-device", "Cycles": 52706608, "Instructions": 42128959}]}
