{"status": 0, "data": [{"Function": "0xffffff04800c0414L", "IPC": 0.2930415136048893, "Retiring": 0.0976805045349631, "Module": "/var/tsch_fw", "Cycles": 7382640, "Instructions": 2163420}]}
