{"status": 0, "data": [{"IPC": 0.2930415136048893, "Callstack": "0xffffff04800c20c0L,0xaaa000000000001dL", "Cycles": 7382640, "Retiring": 0.0976805045349631, "Instructions": 2163420}]}
