{"status": 0, "data": [{"Retiring": 0.0976805045349631, "IPC": 0.2930415136048893, "Cycles": 7382640, "Module": "/var/tsch_fw", "Instructions": 2163420}]}
